"geneSet","description","size","overlap","expect","enrichmentRatio","pValue","FDR","overlapId","userId","database"
"GO:0051607","defense response to virus",158,10,0.229013165841285,43.665611814346,3.33066907387547e-16,8.21009926710303e-13,"2537;3434;3437;3665;4938;4940;8638;10964;51191;55601","IFIT1;IFI44L;OASL;OAS1;OAS3;HERC5;IFI6;IRF7;IFIT3;DDX60","geneontology_Biological_Process"
"GO:0060337","type I interferon signaling pathway",63,8,0.0913153762531707,87.6084656084656,3.44169137633799e-15,4.24188462133657e-12,"2537;3430;3434;3437;3665;4938;4940;8638","IFIT1;OASL;IFI35;OAS1;OAS3;IFI6;IRF7;IFIT3","geneontology_Biological_Process"
"GO:0045071","negative regulation of viral genome replication",38,4,0.0550791158352458,72.6228070175439,1.81939400656361e-07,0.000112120155654483,"3434;4938;4940;8638","IFIT1;OASL;OAS1;OAS3","geneontology_Biological_Process"
"GO:0060333","interferon-gamma-mediated signaling pathway",60,4,0.0869670250030197,45.9944444444444,1.18157709649847e-06,0.000529561371430676,"3665;4938;4940;8638","OASL;OAS1;OAS3;IRF7","geneontology_Biological_Process"
"GO:0050688","regulation of defense response to virus",49,3,0.0710230704191327,42.2397959183673,4.12919724442906e-05,0.00925315564319785,"3434;51191;55601","IFIT1;HERC5;DDX60","geneontology_Biological_Process"
