"geneSet","description","size","overlap","expect","enrichmentRatio","pValue","FDR","overlapId","userId","database"
"GO:0007596","blood coagulation",206,15,1.54269839352579,9.72322267460069,1.73160374927761e-11,3.75340195960897e-08,"239;2623;2624;2811;2815;3674;3848;4352;5055;5197;6915;10077;51206;51266;80739","GATA2;SERPINB2;GATA1;TSPAN32;MPL;CLEC1B;MPIG6B;TBXA2R;GP1BA;ALOX12;GP9;PF4V1;GP6;ITGA2B;KRT1","geneontology_Biological_Process"
"GO:0002262","myeloid cell homeostasis",115,11,0.861215122599348,12.7726507713885,6.41979580606744e-10,4.52137047484464e-07,"212;2038;2623;2624;4352;6005;6886;10107;10661;51327;80739","GATA2;ALAS2;KLF1;GATA1;MPL;MPIG6B;RHAG;EPB42;TRIM10;TAL1;AHSP","geneontology_Biological_Process"
"GO:0030220","platelet formation",19,5,0.142287715907718,35.1400679117148,2.14437888779173e-07,8.1321445513948e-05,"2623;4352;6886;51266;80739","GATA1;MPL;CLEC1B;MPIG6B;TAL1","geneontology_Biological_Process"
"GO:0070527","platelet aggregation",43,6,0.322019567580626,18.6324081020255,6.769423923636e-07,0.000222488399623503,"239;2623;2811;3674;4352;10077","GATA1;TSPAN32;MPL;GP1BA;ALOX12;ITGA2B","geneontology_Biological_Process"
"GO:0048821","erythrocyte development",21,4,0.157265370213794,25.4347158218126,1.55139622191047e-05,0.00332538407566027,"2038;2623;6005;6886","GATA1;RHAG;EPB42;TAL1","geneontology_Biological_Process"
"GO:0030195","negative regulation of blood coagulation",24,4,0.179731851672907,22.255376344086,2.70844761200983e-05,0.00534105869088339,"239;2811;3848;5055","SERPINB2;GP1BA;ALOX12;KRT1","geneontology_Biological_Process"
"GO:0060216","definitive hemopoiesis",12,3,0.0898659258364537,33.383064516129,8.38661161379761e-05,0.0142572397434559,"2623;2624;6886","GATA2;GATA1;TAL1","geneontology_Biological_Process"
